인덱스,장르,유튜버아이디,구독자 수,유튜브링크,인스타 링크,인스타 링크 2,인스타 링크3
1,브이로그,Ha Neul오늘의 하늘,79만,UCW-rU_ZE4dAKDejWdTAKmoA,https://www.instagram.com/haneulina,,
2,브이로그,여정을떠난여정,72만,UCsU2RlGgybcLzfmBqnTx-Rw,https://www.instagram.com/seon_y_j/?hl=en,,
3,브이로그,"안구정화TV, Your Korean Friend",67만,UCaPQb6zHlBXzdMW_QzKh1Kw,https://www.instagram.com/__angoo/,,
4,브이로그,ondo온도,62만,UCSn90DAxCF3yRs6mFK0-8TA,https://www.instagram.com/on_do__/,,
5,브이로그,소진소진,55만,UClSFlUAMQ-Yv002g8LlCqgQ,https://www.instagram.com/sojin282/,,
6,브이로그,영기TV,52만,UCWuWpKhbGev8Za4J-jfdSXw,https://www.instagram.com/kisy0729/,,
7,브이로그,Sophie Kim_하은,52만,UCZe_uzZ6VLMXtwW2V9-VvpQ,https://www.instagram.com/sophie.h.k/,,
8,브이로그,혜서니,51만,UCuD_5vico-nuukZPXGrNYlQ,https://www.instagram.com/hyesunee/,,
9,브이로그,sojoong쏘야쭝아,51만,UCENNpEHHCiZGb2dk1MHml7Q,https://www.instagram.com/endears_o/,https://www.instagram.com/joongwoojo/,
10,브이로그,샒의 삶Serim's life,48만,UC0ssa8zC_3oif4iZcUe5VUg,https://www.instagram.com/serim.hong.50/,,
11,브이로그,석준이가해,47만,UCnNfsLEukKS1ExbQ4HyGjBA,https://www.instagram.com/psj9434/,https://www.instagram.com/summe_reum/,
12,브이로그,밤비걸Bambigirl,46만,UCoc7dhgfCpAMMB6UNEdTtJQ,https://www.instagram.com/hi_bambigirl/,,
13,브이로그,오예커플스토리,42만,UCbDeLCyqxaZnLZDYpd5rnrA,https://www.instagram.com/yeseul0104/,https://www.instagram.com/jung_g_o/,
14,브이로그,이루리ILULIY,41만,UCG0JecZ4QvGGfO-asHGhCIA,https://www.instagram.com/iluliy/,,
15,브이로그,창이의일상,33만,UCZ9vdyLmGse1LRHEY1HNYig,https://www.instagram.com/bbc0526/,,
16,브이로그,여락이들_,30만,UCgDlijNPh7yHQNv0YdL11fQ,https://www.instagram.com/youlakk/,,
17,브이로그,악어의사생활,33만,UCkmzHPB67JpEf2S5Ux9bfDg,https://www.instagram.com/acau1197/,,
18,코믹,유준호,85만,UCj0ElpMSiesbvyed1SZ-brw,https://www.instagram.com/yuferesia/,,
19,코믹,Cuckoo Crew,83만,UCBI8xZYkJJIec2-gyX7KcpQ,https://www.instagram.com/cuckoocrew/,,
20,코믹,사나이김기훈,81만,UC9nFMAQcn0bqIrEV9vUdU1g,https://www.instagram.com/monkey.d.kihoon/,,
21,코믹,송대익,75만,UCW_WhXrfK3uPgljcdjFbsbg,https://www.instagram.com/songdaeik,,
22,코믹,quaddurup,67만,UCkQCwnkQfgSuPTTnw_Y7v7w,https://www.instagram.com/real_quaddurup/,,
23,코믹,JayJay제이제이,56만,UCxp9XKFw-lMTlIa_2yrfdqQ,https://www.instagram.com/magicianjhl/,,
24,토크,윰댕(yum-cast),86만,UCoDLLyiqum2JOBI4Dty8eUA,https://www.instagram.com/yumcast11/,,
25,토크,러너 꽃빈TV,75만,UC9JlObZnbOirT4_iyPGrdcw,https://www.instagram.com/flowervin7/,,
26,토크,핫도그TV,68만,UC5Ida86tt8QKa4Myw7idxNg,https://www.instagram.com/hotdog_tv_/,,
27,토크,이설 LeeSeol,52만,UCHqvLC2ilL2M4_SpoFiWtuQ,https://www.instagram.com/leeseol00/,,
28,토크,코코TV,51만,UCI5NWzolgDXp6-zeZ3wQ88A,https://www.instagram.com/coco20002/,,
29,토크,유소나,49만,UCxeWKVovE_mKNRCwAlpL87A,https://www.instagram.com/usona_official/,,
30,토크,꽃자,45만,UC0BPsIEZ5cMuedvzQO3J1jw,https://www.instagram.com/24x01/,,
31,토크,선민_sunmin,33만,UCYykroDCvkyslfYNvJtencA,https://www.instagram.com/seonminj/,,
32,토크,김달,32만,UCEwmUXNK69iAugMEahY7glA,http://www.instagram.com/u12486,,
33,토크,오마르의 삶,31만,UCvdvPu_7TTcrZz1nGh98Sqg,https://www.instagram.com/omarinrainbow,,
34,토크,단희TV,23만,UCOMG2V-vUgYX0aHiBDbBTyg,https://www.instagram.com/kokomimi77/,,
35,토크,날라리데이브!,22만,UCaWOQq12LbtZ8n02lTYBbuA,https://www.instagram.com/nalaridave/,,
36,토크,거의 한국인 / Almost Koreans,12만,UCm-4I6ACQ9qFj-M_8xynf5g,https://www.instagram.com/mjangarax/,,
37,토크,초승달,11만,UCxx7UvIhPkEQxaplaWS2hLg,https://www.instagram.com/twitch.seungdal/,,
38,토크,브베 스트리밍,8만,UCz1A9dqnK1fS0f92OG_voEw,https://www.instagram.com/8beube8/,,
39,영화,고몽,88만,UCpcft4FJXgUjnxWoQYsl7Ug,https://www.instagram.com/gomongtube/,https://www.instagram.com/gomongyoutube/,
40,영화,지무비 : G Movie,68만,UCaHGOzOyeYzLQeKsVkfLEGA,https://www.instagram.com/G_movie__/,https://www.instagram.com/awayout1/,
41,영화,홍시네마,39만,UCtwxuughKbSAV0e4bnz4ORg,https://www.instagram.com/hong_cinema/,,
42,영화,필름에 빠지다,41만,UCJfthTE-ACoZJPVgwyw_hsw,https://www.instagram.com/twdholic66/?hl=ko,,
43,영화,SISEONPLAY,43만,UC79hJz6y1EEiIkwfHOuWC4w,https://www.instagram.com/siseonplay/,,
44,영화,sanggung상궁,20만,UCZUjLw9C0Tt3VECAhQO9buA,https://www.instagram.com/sanggung4,,
45,영화,sonypictureskr,3만,UCY2wHBgv2W30w6lqoLxq99g,https://www.instagram.com/sonypictureskr_official/?hl=ko,,
46,영화,자취방남자,17만,UCDzpa0rTkUzxhE6h6fMKOQA,https://www.instagram.com/honza_nam_ytb/?hl=ko,,
47,영화,9bul,39만,UCb_GEWOGkCTXawWZKDtALwg,https://www.instagram.com/p/Bdj76iwFvDX/,,
48,영화,캡틴라미[captain ramy],23만,UCVE-zq_yK_InhsVaJPQEttw,https://www.instagram.com/captainramy/,,
49,영화,POWER MOVIE,53만,UCCcE8BpgFqKRP3au8tEUrAw,https://www.instagram.com/powermovie/,,
50,영화,리뷰엉이: Owl's Review,45만,UCrBpV_pG2kyMMEHCMTNzjAQ,https://www.instagram.com/owlsreview/?hl=ko,,
51,영화,민호타우로스,31만,UCiiC3grOarOVIg5LZgXJnWw,https://www.instagram.com/minhotaurs/,,
52,영화,SHOWBOX,1만,UCvvsOdnAQH4fl50DY17eV1A,https://www.instagram.com/showbox.movie/?hl=ko,,
53,영화,딩고무비 / dingo movie,9만,UC2dajIvSk458lj-0GNULGeA,https://www.instagram.com/dingo_movie/,,
54,애니메이션,Red Tomato,60만,UCqeOY0kedIjM9cfuBes4BSQ,https://www.instagram.com/redtomatotube/,,
55,애니메이션,서봄,8만,UCkQWAIUktzea2l8xT1GyVSg,https://www.instagram.com/pik4chu_44/,,
56,댄스,춤추는곰돌,66만,UCFhvPGzMa67wJTx_wiVIcSQ,https://www.instagram.com/kb0780/?hl=ko,,
57,댄스,조싀앤바믜 Josh & Bamui,43만,UC22gayxEPsQLhZXpHDjS8Qg,https://www.instagram.com/josh_bamui/,,
58,댄스,다이아나Diana,41만,UCSw7Ts6UNnjnuzpwvUC6QTw,https://www.instagram.com/diana_kct/,,
59,댄스,God DongMin갓동민,38만,UCLlfMCCErVE5VaEyHxB5AgA,https://www.instagram.com/dongmin9249/,,
60,댄스,효크포크 Krazy girl,29만,UC_iY5S04dzWViz6cOgSUpjQ,https://www.instagram.com/hyokfork/,,
61,댄스,DASURI CHOI,27만,UCWANsSFCEEeWhm_-m4T7GGg,https://www.instagram.com/dasurichoi_/,,
62,댄스,Yu Kagawa 카가와 유,26만,UCEzfaLiOfdvV8V44pzGGdrA,https://www.instagram.com/k_yu0127/,,
63,댄스,춤추는 선진이,15만,UCzuVLt12gtYVshSV7s-JfZQ,https://www.instagram.com/danse_jin/?hl=ko,,
64,웹드라마,피키픽처스 Piki Pictures,92만,UCxgAdCqJvjvrF7LNqSAgzSg,https://www.instagram.com/mom_zzz_official/,,
65,웹드라마,KOK (King Of Korean-drama) TV,90만,UCybPxZoFDPR1qbN04daAc2g,https://www.instagram.com/koktv_official/?hl=ko,,
66,웹드라마,티키틱 TIKITIK,31만,UCSQ55iSysqYErLRDC6ARi9w,https://www.instagram.com/tikitik.official/,,
67,웹드라마,72초TV,20만,UC4u2X5QolYdz4faUfKRm3_w,https://www.instagram.com/72sectv/?hl=ko,,
68,푸드,국가비GabieKook,94만,UC47HAkQ6oZ-Hf5SVBGdvP6g,https://www.instagram.com/gabiekook/,,
69,푸드,YAMMoo,67만,UCO61Rl-jslhyeenfjt-NO4w,https://www.instagram.com/yammoo00/,,
70,푸드,더스쿱The SCOOP,60만,UCrEhjhZS6XUaZQ0_xgKPkRQ,https://www.instagram.com/the__scoop/,,
71,푸드,칩chip,47만,UC-YRx5jfreS9abTGxfmV4Hg,,,
72,푸드,키미 Kimi,27만,UCip2Wb2oWTMVvCaVPherr3Q,https://www.instagram.com/life.kimiforest/,,
73,푸드,인어교주해적단 - The Pirates,22만,UCWq4TrLFdm7fFzCb4uo2V4Q,,,
74,푸드,씨즐 Sizzle,21만,UCo1FPeP7toPbyxMs18Di0VQ,https://www.instagram.com/becky.tommy/,,
75,푸드,BoriBori 보리보리,20만,UC9URcUnjhSoEDKxnl0_YT6w,,,
76,푸드,하얀손,18만,UCyjw2Z7tC-iVNgELRxOwIgQ,,,
77,푸드,입금완료,17만,UCiii7jUcdg1rcHLKuNzsfnw,,,
78,푸드,민경장군,10만,UCuLHDMXUqV5JR8Qv-FpwF8g,https://www.instagram.com/gagkimminkyoung/,,
79,푸드,데라세르나de la Serna,9.5만,UCse0BZUEgpbPyyt-S9iqttw,https://www.instagram.com/rheehye/,,
80,푸드,hoonlife,9.4만,UCP7p2SX81x6hEXnmVDCPR7g,https://www.instagram.com/hoon2136/,,
81,푸드,자취생으로 살아남기,8.5만,UCjUXCK0Lu0cdR1Jj-A4Oy8A,,,
82,테크,underKG,46만,UC_0oo0GPlDUU88ubLDnJkSQ,https://www.instagram.com/underkgshow/,,
83,테크,성명준,41만,UCFIeZnCOh_7JZAgJB3XaLXw,https://www.instagram.com/sungmyoungjun/,,
84,테크,JM,33만,UCYAvG7-sBBztgDtwKil1RTQ,https://www.instagram.com/jmtvinsta/,,
85,테크,우파푸른하늘Woopa TV,30만,UCFUpTxU3nlGed-suY-FjjxA,https://www.instagram.com/blueskyh2/,,
86,테크,오프라이드oh-pride,20만,UC8av1CNslnPQS3N08rkzzhQ,https://www.instagram.com/ogana_/,,
87,테크,가전주부 GJJB,20만,UC5aNQ65ADb02zEJxzb_zmYQ,https://www.instagram.com/seoyoungchoi_/,,
88,테크,딴트공말방구 실험실,15만,UCCUfsf35PukA4gEsU2hTtQg,https://www.instagram.com/ddantgong/,,
89,테크,최마태의 POST IT,15만,UCVIZWeFmvOhCjJy4tZqertw,https://www.instagram.com/mate_postit/,,
90,테크,디에디트 THE EDIT,13만,UCJKZoVf3RIMfFffjdseqdEg,https://www.instagram.com/the_edit.co.kr/,,
91,테크,DRGN LAKE STUDIO,13만,UC5Krj_2tLJgAyT7SwTsAIzQ,https://www.instagram.com/drgnlake/,,
92,테크,한상기 Han Sang Ki,11만,UC-IBt8pM8hWx8wiwjcDLdIQ,https://www.instagram.com/hansangki0755/,,
93,테크,Producer dk,11만,UCk3bmbMO_M8qrpCFHTU__AA,https://www.instagram.com/4delight/,,
94,테크,방구석 리뷰룸,10만,UCZTjbqrV3s1zIWfEqliBhYA,https://www.instagram.com/take_jung/,,
95,테크,DC튜브,10만,UCJQDi71H00IXCQbxAtFem3Q,https://www.instagram.com/dctube601/,,
96,테크,Seoulian서울리안,7만,UClfR70cO8tFZHNCbBZsMw0Q,https://www.instagram.com/seoulian.h/,,
97,테크,gonago고나고,7만,UC_pjuSgLRvGFAsita_Dvsiw,https://www.instagram.com/gonago/,,
98,테크,AUTOSONICS오토소닉스,7만,UCQdekhc-rky81G-0Xfng4lg,https://www.instagram.com/autosonics_k/,,
99,테크,자동차 좋아하는 여자,5만,UC8cscgG12KkR7-cOitqYQcg,https://www.instagram.com/cargirlmedia/,,
100,테크,류석,5만,UCgES377cbdgiVbLUHjHo9aA,https://www.instagram.com/ryuseok_bike/,,
101,지식,MKTV 김미경TV,72만,UCnaGfDaiM-pM1l-SXYpq37Q,https://www.instagram.com/mikyungkim_kr/,,
102,지식,seemile Korean 씨마일 한국어,61만,UCKIicR8VM3HczwmJM9UxtTw,,,
103,지식,VIDEOCLASS,34만,UCJCqV1PsakBbjD0DI6KJIgQ,https://www.instagram.com/jwvid/,,
104,지식,모아요,31만,UCtJpqaQ0XAmX5uYZ48crOdQ,https://www.instagram.com/moayowagon/,,
105,지식,연고티비,28만,UCelPbnoAuzgRDFJAsJ4Du7A,https://www.instagram.com/yonkotv/,,
106,지식,부동산 읽어주는 남자,28만,UC2QeHNJFfuQWB4cy3M-745g,https://www.instagram.com/take_jung/,,
107,지식,의학채널 비온뒤,27만,UCF9vbHlZpz7FbOAky3fnYxw,,,
108,지식,Minos,25만,UCUiueY5_an4zZCZXdkuq_cA,,,
109,지식,유하다요,20만,UC_waGdcNiCWTv1GG9OvE23A,https://www.instagram.com/yuhadayo/,,
110,지식,과학쿠키 [Science Cookie],18만,UCmgRYMK5d65PbjN8qkjAUBA,https://www.instagram.com/snceckie/,,
111,지식,SOPHIE BAN,18만,UCam5BTX9qo6Lf9itKcfhXEQ,,,
112,지식,러브에코Love Echo,17만,UCTsE1jdImsn68YPJPfR97ZQ,,,
113,지식,스캄,17만,UCWB4ZygjPX7Mm_c_ePdKarg,,,
114,지식,미남의운전교실,15만,UCQajJC-D6I3o5ICk1jhxWTg,,,
115,지식,Summer Park,15만,UCOifEWSYG9etRSXBZIGn5Qw,,,
116,지식,한나TV,11만,UCwvuDW6OjHyAcQUms9X31dg,https://www.instagram.com/kiddy42815/,,
117,지식,자동차의 모든 것[ Car & Man ],11만,UC8lCKs70LKNlMUve1P_XSRQ,,,
118,지식,배나무배나TV,11만,UC0L2FaavWKVvAuXZi1oPFWQ,https://www.instagram.com/bnatv1004/,,
119,지식,Minji Teaches Korean 민지 티치 코리안,10만,UCT4rIm6Ibb-Jb8Vj23Ur3BA,https://www.instagram.com/minjiteacheskorean/,,
120,지식,젤리플 : 쥐픽 Jellyple,10만,UCX7a39Z0AY-YiYnZW2nhw_g,,,
121,지식,KoreanBilly's English,10만,UCB9etEztDELjmiVu8kP5R-g,https://www.instagram.com/KoreanBilly/,,
122,지식,원이어,9만,UCVK9-qNbd4gi_UTby532B7Q,https://www.instagram.com/oneear2017/,,
123,지식,쟈링센세일본어,8만,UCZSCOFQpUAN9pCdSwzBRs7g,https://www.instagram.com/jarring_tv/,,
124,지식,이지쌤,6만,UC-6FxcmnbyVeZaYc025I_xQ,https://www.instagram.com/hun1188/,,
125,asmr,rappeler 하쁠리,71만,UCa_ZCXMQ57PDcpE_3tPOW1g,https://www.instagram.com/rappeler.iam/,,
126,asmr,UNO ASMR,25만,UCwYosniCbUHMyj6HWOlZd9w,https://www.instagram.com/uno_asmr/,,
127,asmr,asmr soupe,38만,UCjCDp8b2wtGIiaC3ZqKomSQ,https://www.instagram.com/asmrsoupe/,,
128,asmr,SOY ASMR,51만,UCPpYonu8HMQCvNVcG2xYgwA,https://www.instagram.com/soy_asmr/,,
129,asmr,Miniyu ASMR,51만,UCNAA9T4V8AsCSfbSBlfeDrw,https://www.instagram.com/miniyuasmr/,,
130,asmr,asmr yeonchu 연츄,15만,UCjypzyxU_p0_0ElbWSi8QQw,https://www.instagram.com/y.zzu/,,
131,asmr,Eunzel ASMR 은젤,29만,UCS5qmPFj36fK7fML6gYcZSQ,https://www.instagram.com/eunbar/,,
132,asmr,April ASMR,43만,UCNm8ShHtwOPFl3Y375AHeUA,https://www.instagram.com/April.ASMR/,,
133,asmr,밤하느리ASMR,20만,UCQeXy0FwvVQD1o0axg6x42A,https://www.instagram.com/minhwa.g/,,
134,asmr,Babzi ASMR,24만,UCTfcXAPxCIn8fyKrRDqQ6dA,https://www.instagram.com/babzi_asmr/,,
135,asmr,Suzevi ASMR,24만,UC_FPZVB4NDds9JUEOjmI5cQ,https://www.instagram.com/suzevi_asmr/,,
136,크리에이티브,코이티비KOITV,66만,UCLvaHVogti2o0AkXoNZzeKA,https://www.instagram.com/redhatsg/?hl=ko,,
137,크리에이티브,영알남YAN,67만,UCHpIHu4LzmNuD8bsE6mZLSA,https://www.instagram.com/yan.youtube/,,
138,크리에이티브,박막례 할머니 Korea Grandma,95만,UCN8CPzwkYiDVLZlgD4JQgJQ,https://www.instagram.com/korea_grandma/,,
139,크리에이티브,긱블 Geekble,29만,UCp94pzrtA5wPyZazbDq0CXA,https://www.instagram.com/hoo.4u,,
140,크리에이티브,맛상무,47만,UC1r112Pr9Ngcg2NtcE946HQ,https://www.instagram.com/matsangmu/?hl=ko,,
141,크리에이티브,셀프어쿠스틱selfacoustic,95만,UC_AIPNN0uH7H7p9e8lnVMVQ,https://www.instagram.com/selfacoustic/,,
142,크리에이티브,JAYKEEOUT x VWVB,81만,UCyTQoMLiPfsRLHBJBtMXKYg,https://www.instagram.com/jaykeeout/,https://www.instagram.com/geekble_easyone,
143,크리에이티브,PrettyHerb,83만,UCtCnnCUn9IDDQRU9_04JD3g,https://www.instagram.com/gjqm056/,,
144,크리에이티브,코리안브로스 KOREAN BROS ENT,31만,UCIB_oNqi62rKnPFb3Toaozw,https://www.instagram.com/jk_tv/,,
145,크리에이티브,다다리빙 DADA Living,21만,UC4ZOrJ0xNrUsVdX64M8atHQ,https://www.instagram.com/dada_living/,,
146,크리에이티브,대생가족 DSF,79만,UC24BfKRQk_5uZomn0DxW2Ew,https://www.instagram.com/gdsfamily4/,,
147,크리에이티브,Ripple_S,51만,UCCjJV_nxuPQ_fWGkAkA46fA,https://www.instagram.com/official_ripple/,,
148,크리에이티브,보이즈빌리지(BOYS VILLAGE),54만,UCuSaFvVbK9QpZlbn8Vf34RA,https://www.instagram.com/videovillage_official/,,
149,크리에이티브,빅민 TV,41만,UCxmBxNybpaLO7x61dm0oD8w,https://www.instagram.com/bigmintv/,,
150,패션,디렉터 짱구대디,36만,UCcSepD5GRKpskptBW2TSKGg,https://www.instagram.com/zzang9daddy/,,
151,패션,쩡대패션TV - korea fashion tv,24만,UCexnMWt_GyyAIkLCn7x36nw,https://www.instagram.com/xx_jdh/,,
152,패션,스타일가이드 최겨울,43만,UCbOwqHbQf0uspeRe7lY8e6Q,https://www.instagram.com/wt830/,,
153,패션,ClassyTV 클래씨티비,20만,UCJCNS4-1Bff7H2fzuUCZzig,https://www.instagram.com/classsytv/,,
154,패션,와디의 신발장,10만,UCOHYlves6oxhyIQBRIIpPTQ,https://www.instagram.com/wadism/,,
155,패션,Kobe Jeans 코비진스,6만,UC3l1qgrRx8vPan82wDc3kNg,https://www.instagram.com/kobejeans/,,
156,패션,TAGGER - 태거,2만,UCTX6zjf3dY_UEg7QuXEFkWQ,https://www.instagram.com/tagger.official/,,
157,패션,HAEUM해움,6만,UCKKWrryb2_JKVGzrib29y9A,https://www.instagram.com/hae.um/,,
158,패션,한별Hanbyul,79만,UC9gW47NqzI1x7e8qsflvUUw,https://www.instagram.com/its.hanbyul/,,
159,패션,KINDA COOL 아영,37만,UCYJlyU_Lf33eqp6KWYONTGg,https://www.instagram.com/__kindacool/,,
160,패션,itsjinakim,26만,UCDMLdKoalJdyqKto6KahNGg,https://www.instagram.com/itsjinakim/,,
161,패션,류스펜나 (RYU'S PENNA),25만,UCkGLGs2ZCNRSlOs9s-8S_qA,https://www.instagram.com/cornu_ryu/,,
162,패션,Minjeong Park,25만,UCW61wo97HWu_TmmJEOiflrw,https://www.instagram.com/votrechaleur/,,
163,패션,김무비 KIM MOVIE,23만,UCdpeN8LUQJlDDbRZQTWJBmA,https://www.instagram.com/yyyyyyyyyyhk/,,
164,패션,도영도영이,22만,UCw_VHcLeiSSXA8SSk0dbwkA,https://www.instagram.com/doyeong__2/,,
165,패션,Susan 조수잔,18만,UC9edwufjEirbl9-2vns43VQ,https://www.instagram.com/susansan0414/,,
166,패션,미니월드 Minni,7만,UCzlZ-o36GFz_hTB2br_Noow,https://www.instagram.com/minni__world/,,
167,패션,Jaelimize,5만,UCwjC8HF8XvKao88oJdCmJ5Q,https://www.instagram.com/jaelimize/,,
168,패션,뀨우 kkyuu,5만,UCOHDZh9KGoFxmqq6tg-Cykg,https://www.instagram.com/oe_day/,,
169,패션,Fairy Tina 페어리 티나,2만,UC_stX4TOMHynzlyb5UTpSPg,https://www.instagram.com/fairy_tina_/,,
170,뮤직,DJ SODA OFFICIAL,93만,UCzxwychp2Jv_scCVwPj2Zaw,https://www.instagram.com/deejaysoda/,,
171,뮤직,Violinist Jenny Yun 제니윤,78만,UCDdvY2ntkRKaul_OQT89jAQ,https://www.instagram.com/vnjenny7/,,
172,뮤직,Silv3rT3ar,58만,UCM_4wLKpZQN16qdjcSnoHkg,https://www.instagram.com/itselisebear/,,
173,뮤직,Elina Karimova_엘리나,55만,UCdqBpUglsQXOL3aBJpxnIIw,https://www.instagram.com/elina_4_22/,,
174,뮤직,Dragon Stone,48만,UCHej63OZm3dh16McbdieEFQ,https://www.instagram.com/dragon_stone11/,,
175,뮤직,라이브 아카데미,54만,UCGDA1e6qQSAH0R9hoip9VrA,-,,
176,뮤직,Funguypiano,48만,UCBlkpX--7ZD73URbSC1oWRw,https://www.instagram.com/funguypiano/,,
177,뮤직,Chuther츄더[문에스더],48만,UCacrG7qkY0tNtR5s4Fe_FXg,https://www.instagram.com/chuther_moon/,,
178,뮤직,초깨비의노래워치,39만,UCZnrdNaOFqniv7qEEqQFvIg,https://www.instgram.com/choggebi/,,
179,뮤직,KoonTV Funny,36만,UCbfRcXCHe5I2RI6F8XIUQng,https://www.instagram.com/koon1716/,,
180,뮤직,SisterSOON,35만,UC24ZdEFJvYvQwqnWJodWzng,https://www.instagram.com/h_ue_/,,
181,뮤직,Bella&Lucas벨라앤루카스,33만,UC-Ju7Rpx4V9XsrLh2DXh9tw,https://www.instagram.com/bellawithlucas/,https://www.instagram.com/lucas_d.h/,https://www.instagram.com/bellaluv90/
182,뮤직,Michael Elliott,32만,UCgcJ1AA_mprxc-m9iHYdrDQ,https://www.instagram.com/englishinkorean/,,
183,뮤직,Euna강은아,31만,UCNm6slF7eLVBZy1rG5zYRPA,https://www.instagram.com/silv2a/,,
184,뮤직,이상한 나라의 꿩유갱,30만,UCY1Q5h_nPk3onGmTcepLorg,https://www.instagram.com/kkssd1121/,,
185,스포츠,HORSE-KING TV,51만,UCYJDUekoQz0-bo8al1diLWQ,https://www.instagram.com/horseking123/,,
186,스포츠,석꾸축꾸,39만,UC8valWz_8jFnX4tMGCeC62w,https://www.instagram.com/seokgguchookggu/,,
187,스포츠,피지컬갤러리,82만,UCdtRAcd3L_UpV4tMXCw63NQ,https://www.instagram.com/health__keeper/,,
188,스포츠,이스타TV,15만,UCn9mJ4htO64-1osMWYu9k5Q,-,,
189,스포츠,조제알통,18만,UCUfqoN5sUGAVXcmEe3CHKEQ,https://www.instagram.com/jojae____altong/,,
190,스포츠,키다리형,30만,UChWJavW1PbvAkPTcB06EeIg,https://www.instagram.com/maxtrong_kiho/,,
191,스포츠,수님,28만,UCaITJUOzXJPVpSoymjQnVvA,-,,
192,스포츠,바벨라토르 홈트레이닝 ANYWHERE WORKOUT,17만,UCDVQ0yDp7Bu-BxEfelTHL8g,https://www.instagram.com/coach_leesam/,,
193,스포츠,거제폭격기 [김영환],14만,UC9rpMzC-SjMSrxhQElZDzTw,https://www.instagram.com/djgreat77/,,
194,스포츠,SIMZZANG [심짱골프],13만,UCWJBrDmcddN9KCrXBHpWmCA,https://www.instagram.com/simzzangolf/,,
195,스포츠,제이제이살롱드핏,50만,UCUsfRCHj5U1wAJEJiQpPLPw,https://www.instagram.com/jjeuneu/,,
196,스포츠,심으뜸의 마이너스 라이프,23만,UC4yq3FWEWqMvFNFBsV3gbKQ,https://www.instagram.com/euddeume_/,,
197,스포츠,고효주HyojooKo,22만,UC5FOkD_OiUjgCOawXaK0wCg,https://www.instagram.com/hyo_joo/,,
198,스포츠,LOVELY SWIMMER,17만,UCFzE-bjCCY-F5wmiRS2NuRg,https://www.instagram.com/lovelyswimmer/,,
199,스포츠,SmiHomeTraining스미홈트,15만,UCPVjwwmDpE6f3n9Ck2oaNTw,https://www.instagram.com/smitruti1010/,,
200,스포츠,씬스틸러,12만,UCYiKn75j-BTqfWUh1Swew0Q,https://www.instagram.com/hyeriss22/,https://www.instagram.com/soomikang12/,
201,스포츠,Moona workout for health,11만,UCMA_DTVCzlALpD8hfGmYAlg,https://www.instagram.com/xxdmsdudxx/,,
202,스포츠,kimbbomami 김뽀마미,11만,UCRhdSOsdo7upnTIP7tObYnw,https://www.instagram.com/kimbbomami/,,
203,스포츠,옐라 YELLA,11만,UCz0OvdbIh1x7va6WfCQwefA,https://www.instagram.com/ye_.lla/,,
